{
  "run_time_saved_sec": 780.9331978328023,
  "run_cost_saved_usd": 0.13015553297213367,
  "time_reduction_pct": 50.61608057264,
  "cost_reduction_pct": 50.61608057263999,
  "tests_selected": 67,
  "tests_total": 100,
  "tests_skipped": 33,
  "failures_caught_est": 21.900154722541593,
  "failures_total_est": 27.628429834010493,
  "detection_rate": 0.7926673666985804,
  "bits_gained": 54.158547700225434,
  "bits_per_dollar": 426.48850710833347,
  "bits_per_second": 0.07108141785138891,
  "delta_entropy_bits": null,
  "timestamp": "2025-10-07T03:56:44.022449+00:00"
}