[
  {
    "name": "tests/test_protein.py::test_stability_score",
    "suite": "protein",
    "domain": "protein",
    "eig_bits": 0.9996678926348362,
    "eig_per_dollar": 229.6368312904237,
    "eig_per_sec": 0.038272805215070614,
    "cost_usd": 0.00435325590854608,
    "duration_sec": 26.11953545127648,
    "model_uncertainty": 0.4892719615175749
  },
  {
    "name": "tests/chaos/test_chaos_examples.py::test_resilient_api",
    "suite": "generic",
    "domain": "generic",
    "eig_bits": 0.992483978426725,
    "eig_per_dollar": 215.40147928837652,
    "eig_per_sec": 0.03590024654806275,
    "cost_usd": 0.004607600568508637,
    "duration_sec": 27.64560341105182,
    "model_uncertainty": 0.44900658946747585
  },
  {
    "name": "tests/test_materials.py::test_lattice_stability",
    "suite": "materials",
    "domain": "materials",
    "eig_bits": 0.9914407464115634,
    "eig_per_dollar": 988.446872734857,
    "eig_per_sec": 0.1647411454558095,
    "cost_usd": 0.0010030288665575145,
    "duration_sec": 6.018173199345087,
    "model_uncertainty": 0.5544108462726418
  },
  {
    "name": "tests/chaos/test_chaos_examples.py::test_resilient_api",
    "suite": "generic",
    "domain": "generic",
    "eig_bits": 0.9912872077034773,
    "eig_per_dollar": 392.54283106371673,
    "eig_per_sec": 0.0654238051772861,
    "cost_usd": 0.0025252969338843273,
    "duration_sec": 15.151781603305967,
    "model_uncertainty": 0.4451042802804798
  },
  {
    "name": "tests/test_phase2_scientific.py::test_numerical_precision",
    "suite": "generic",
    "domain": "generic",
    "eig_bits": 0.9708789446956207,
    "eig_per_dollar": 970.8789446956207,
    "eig_per_sec": 0.20811795042797246,
    "cost_usd": 0.0007775069719671875,
    "duration_sec": 4.6650418318031255,
    "model_uncertainty": 0.3998775909201889
  },
  {
    "name": "tests/test_materials.py::test_elastic_constants",
    "suite": "materials",
    "domain": "materials",
    "eig_bits": 0.9692966132261522,
    "eig_per_dollar": 264.2587635233759,
    "eig_per_sec": 0.04404312725389598,
    "cost_usd": 0.0036679828524983234,
    "duration_sec": 22.00789711498994,
    "model_uncertainty": 0.39721245690563145
  },
  {
    "name": "tests/test_materials.py::test_elastic_constants",
    "suite": "materials",
    "domain": "materials",
    "eig_bits": 0.9670798462759962,
    "eig_per_dollar": 234.76942151854354,
    "eig_per_sec": 0.03912823691975725,
    "cost_usd": 0.0041192751595190615,
    "duration_sec": 24.71565095711437,
    "model_uncertainty": 0.3935941381084345
  },
  {
    "name": "tests/test_materials.py::test_dos_integration",
    "suite": "materials",
    "domain": "materials",
    "eig_bits": 0.9662093846265563,
    "eig_per_dollar": 353.33626722292695,
    "eig_per_sec": 0.05888937787048782,
    "cost_usd": 0.002734532156069208,
    "duration_sec": 16.40719293641525,
    "model_uncertainty": 0.6077924609615726
  },
  {
    "name": "tests/test_robotics.py::test_localization",
    "suite": "robotics",
    "domain": "robotics",
    "eig_bits": 0.9658742684069044,
    "eig_per_dollar": 710.6447967488724,
    "eig_per_sec": 0.11844079945814541,
    "cost_usd": 0.0013591519600589222,
    "duration_sec": 8.154911760353533,
    "model_uncertainty": 0.608321400562855
  },
  {
    "name": "tests/test_phase2_scientific.py::test_numerical_precision",
    "suite": "generic",
    "domain": "generic",
    "eig_bits": 0.9649085120077827,
    "eig_per_dollar": 244.80006410321093,
    "eig_per_sec": 0.04080001068386849,
    "cost_usd": 0.003941618706443494,
    "duration_sec": 23.649712238660964,
    "model_uncertainty": 0.3901689820959678
  },
  {
    "name": "tests/test_protein.py::test_mutation_effects",
    "suite": "protein",
    "domain": "protein",
    "eig_bits": 0.9648173362313787,
    "eig_per_dollar": 282.3307314551779,
    "eig_per_sec": 0.04705512190919632,
    "cost_usd": 0.0034173302043973577,
    "duration_sec": 20.503981226384145,
    "model_uncertainty": 0.390027567119817
  },
  {
    "name": "tests/test_materials.py::test_elastic_constants",
    "suite": "materials",
    "domain": "materials",
    "eig_bits": 0.9636154431222832,
    "eig_per_dollar": 320.41374155900274,
    "eig_per_sec": 0.05340229025983379,
    "cost_usd": 0.003007409852129696,
    "duration_sec": 18.044459112778178,
    "model_uncertainty": 0.388180691484654
  },
  {
    "name": "tests/test_materials.py::test_dos_integration",
    "suite": "materials",
    "domain": "materials",
    "eig_bits": 0.9631529446217602,
    "eig_per_dollar": 196.9586452187958,
    "eig_per_sec": 0.032826440869799293,
    "cost_usd": 0.00489012779079497,
    "duration_sec": 29.340766744769823,
    "model_uncertainty": 0.3874783516233493
  },
  {
    "name": "tests/test_protein.py::test_sequence_alignment",
    "suite": "protein",
    "domain": "protein",
    "eig_bits": 0.9617978028226004,
    "eig_per_dollar": 348.97940127679357,
    "eig_per_sec": 0.05816323354613226,
    "cost_usd": 0.002756030296641345,
    "duration_sec": 16.53618177984807,
    "model_uncertainty": 0.3854461236941544
  },
  {
    "name": "tests/test_phase2_scientific.py::test_numerical_precision",
    "suite": "generic",
    "domain": "generic",
    "eig_bits": 0.9599162663916069,
    "eig_per_dollar": 490.8631196335748,
    "eig_per_sec": 0.08181051993892911,
    "cost_usd": 0.001955568116643549,
    "duration_sec": 11.733408699861295,
    "model_uncertainty": 0.38268494967289735
  },
  {
    "name": "tests/test_materials.py::test_surface_energy",
    "suite": "materials",
    "domain": "materials",
    "eig_bits": 0.9559404830097771,
    "eig_per_dollar": 225.19016703761804,
    "eig_per_sec": 0.03753169450626967,
    "cost_usd": 0.004245036519956429,
    "duration_sec": 25.470219119738577,
    "model_uncertainty": 0.37706190831797715
  },
  {
    "name": "tests/test_protein.py::test_secondary_structure",
    "suite": "protein",
    "domain": "protein",
    "eig_bits": 0.9505217437537428,
    "eig_per_dollar": 192.2640122394087,
    "eig_per_sec": 0.032044002039901445,
    "cost_usd": 0.004943835992406866,
    "duration_sec": 29.663015954441192,
    "model_uncertainty": 0.3698043432365921
  },
  {
    "name": "tests/test_phase2_scientific.py::test_numerical_precision",
    "suite": "generic",
    "domain": "generic",
    "eig_bits": 0.9494121479083608,
    "eig_per_dollar": 244.19122108366935,
    "eig_per_sec": 0.04069853684727822,
    "cost_usd": 0.0038879864054697346,
    "duration_sec": 23.327918432818407,
    "model_uncertainty": 0.6316302063004837
  },
  {
    "name": "tests/test_health.py::test_health_endpoint",
    "suite": "generic",
    "domain": "generic",
    "eig_bits": 0.9464427560144505,
    "eig_per_dollar": 881.9372565322008,
    "eig_per_sec": 0.1469895427553668,
    "cost_usd": 0.0010731406900031494,
    "duration_sec": 6.4388441400188965,
    "model_uncertainty": 0.6353908296239783
  },
  {
    "name": "tests/test_health.py::test_health_endpoint",
    "suite": "generic",
    "domain": "generic",
    "eig_bits": 0.9422484419345732,
    "eig_per_dollar": 942.2484419345732,
    "eig_per_sec": 0.25110468279730713,
    "cost_usd": 0.0006254021439968927,
    "duration_sec": 3.7524128639813563,
    "model_uncertainty": 0.35947728614972807
  },
  {
    "name": "tests/test_phase2_scientific.py::test_numerical_precision",
    "suite": "generic",
    "domain": "generic",
    "eig_bits": 0.9419668817134467,
    "eig_per_dollar": 941.9668817134467,
    "eig_per_sec": 0.3903480143327801,
    "cost_usd": 0.00040219105649589204,
    "duration_sec": 2.4131463389753525,
    "model_uncertainty": 0.3591398483963547
  },
  {
    "name": "tests/test_protein.py::test_mutation_effects",
    "suite": "protein",
    "domain": "protein",
    "eig_bits": 0.9376094843342124,
    "eig_per_dollar": 514.602239435109,
    "eig_per_sec": 0.08576703990585151,
    "cost_usd": 0.0018220081695786018,
    "duration_sec": 10.932049017471611,
    "model_uncertainty": 0.3540227420036431
  },
  {
    "name": "tests/test_robotics.py::test_gripper_force",
    "suite": "robotics",
    "domain": "robotics",
    "eig_bits": 0.9372597632901342,
    "eig_per_dollar": 372.17346991031644,
    "eig_per_sec": 0.0620289116517194,
    "cost_usd": 0.002518341147519161,
    "duration_sec": 15.110046885114967,
    "model_uncertainty": 0.6463797399668182
  },
  {
    "name": "tests/test_robotics.py::test_trajectory_optimization",
    "suite": "robotics",
    "domain": "robotics",
    "eig_bits": 0.9355983119488848,
    "eig_per_dollar": 189.53454368338527,
    "eig_per_sec": 0.031589090613897544,
    "cost_usd": 0.004936294428269436,
    "duration_sec": 29.617766569616617,
    "model_uncertainty": 0.3517239946991342
  },
  {
    "name": "tests/test_robotics.py::test_localization",
    "suite": "robotics",
    "domain": "robotics",
    "eig_bits": 0.932893337110093,
    "eig_per_dollar": 339.66804248023817,
    "eig_per_sec": 0.056611340413373026,
    "cost_usd": 0.0027464854517903863,
    "duration_sec": 16.478912710742318,
    "model_uncertainty": 0.3486907402938284
  },
  {
    "name": "tests/test_materials.py::test_elastic_constants",
    "suite": "materials",
    "domain": "materials",
    "eig_bits": 0.930861844369499,
    "eig_per_dollar": 375.4095312747431,
    "eig_per_sec": 0.06256825521245718,
    "cost_usd": 0.002479590332213086,
    "duration_sec": 14.877541993278514,
    "model_uncertainty": 0.3464546550981524
  },
  {
    "name": "tests/test_protein.py::test_solubility",
    "suite": "protein",
    "domain": "protein",
    "eig_bits": 0.9302704025411823,
    "eig_per_dollar": 654.462148575298,
    "eig_per_sec": 0.10907702476254966,
    "cost_usd": 0.0014214273576650578,
    "duration_sec": 8.528564145990348,
    "model_uncertainty": 0.34581015454557995
  },
  {
    "name": "tests/test_protein.py::test_secondary_structure",
    "suite": "protein",
    "domain": "protein",
    "eig_bits": 0.9213148328619372,
    "eig_per_dollar": 921.3148328619371,
    "eig_per_sec": 0.18093352416545477,
    "cost_usd": 0.0008486678897783477,
    "duration_sec": 5.092007338670086,
    "model_uncertainty": 0.33638246577748093
  },
  {
    "name": "tests/test_materials.py::test_defect_formation",
    "suite": "materials",
    "domain": "materials",
    "eig_bits": 0.9206672949797772,
    "eig_per_dollar": 452.25856871054003,
    "eig_per_sec": 0.07537642811842334,
    "cost_usd": 0.0020357100089993733,
    "duration_sec": 12.21426005399624,
    "model_uncertainty": 0.3357233137579258
  },
  {
    "name": "tests/test_health.py::test_health_endpoint",
    "suite": "generic",
    "domain": "generic",
    "eig_bits": 0.9200468893164185,
    "eig_per_dollar": 325.00860236843806,
    "eig_per_sec": 0.054168100394739675,
    "cost_usd": 0.0028308385766153657,
    "duration_sec": 16.985031459692195,
    "model_uncertainty": 0.33509444750717493
  },
  {
    "name": "tests/test_materials.py::test_surface_energy",
    "suite": "materials",
    "domain": "materials",
    "eig_bits": 0.9097931411912297,
    "eig_per_dollar": 463.4961435596629,
    "eig_per_sec": 0.07724935725994383,
    "cost_usd": 0.001962892580300655,
    "duration_sec": 11.77735548180393,
    "model_uncertainty": 0.3250540835484861
  },
  {
    "name": "tests/test_robotics.py::test_collision_detection",
    "suite": "robotics",
    "domain": "robotics",
    "eig_bits": 0.9075035882959012,
    "eig_per_dollar": 907.5035882959012,
    "eig_per_sec": 0.17606246122511984,
    "cost_usd": 0.0008590735185504556,
    "duration_sec": 5.1544411113027335,
    "model_uncertainty": 0.3228965583562934
  },
  {
    "name": "tests/test_materials.py::test_elastic_constants",
    "suite": "materials",
    "domain": "materials",
    "eig_bits": 0.8933367369398831,
    "eig_per_dollar": 893.3367369398832,
    "eig_per_sec": 0.3378652678620298,
    "cost_usd": 0.00044067701039175023,
    "duration_sec": 2.6440620623505016,
    "model_uncertainty": 0.31014150749615077
  },
  {
    "name": "tests/test_robotics.py::test_sensor_fusion",
    "suite": "robotics",
    "domain": "robotics",
    "eig_bits": 0.8924983852356216,
    "eig_per_dollar": 616.1386086868142,
    "eig_per_sec": 0.10268976811446905,
    "cost_usd": 0.0014485350741740032,
    "duration_sec": 8.69121044504402,
    "model_uncertainty": 0.30941617703726776
  },
  {
    "name": "tests/test_protein.py::test_hydrophobicity",
    "suite": "protein",
    "domain": "protein",
    "eig_bits": 0.8872430788302323,
    "eig_per_dollar": 887.2430788302323,
    "eig_per_sec": 0.2401167254199854,
    "cost_usd": 0.0006158415088039407,
    "duration_sec": 3.695049052823645,
    "model_uncertainty": 0.304937582937486
  },
  {
    "name": "tests/test_reasoning_smoke.py::test_reasoning_endpoint",
    "suite": "generic",
    "domain": "generic",
    "eig_bits": 0.8856828304292588,
    "eig_per_dollar": 275.0107493670227,
    "eig_per_sec": 0.045835124894503775,
    "cost_usd": 0.003220538951542028,
    "duration_sec": 19.32323370925217,
    "model_uncertainty": 0.30362983776275826
  },
  {
    "name": "tests/test_robotics.py::test_path_planning",
    "suite": "robotics",
    "domain": "robotics",
    "eig_bits": 0.8790463371449357,
    "eig_per_dollar": 273.4217184457316,
    "eig_per_sec": 0.04557028640762193,
    "cost_usd": 0.003214983587045986,
    "duration_sec": 19.289901522275915,
    "model_uncertainty": 0.29817318459523284
  },
  {
    "name": "tests/chaos/test_chaos_examples.py::test_resilient_api",
    "suite": "generic",
    "domain": "generic",
    "eig_bits": 0.8680335375252555,
    "eig_per_dollar": 282.4260296152313,
    "eig_per_sec": 0.04707100493587189,
    "cost_usd": 0.0030734898575313263,
    "duration_sec": 18.440939145187958,
    "model_uncertainty": 0.28946838801086655
  },
  {
    "name": "tests/test_materials.py::test_phonon_dispersion",
    "suite": "materials",
    "domain": "materials",
    "eig_bits": 0.8657338039387038,
    "eig_per_dollar": 212.20151320597367,
    "eig_per_sec": 0.03536691886766228,
    "cost_usd": 0.004079772056565771,
    "duration_sec": 24.478632339394625,
    "model_uncertainty": 0.2877016681045414
  },
  {
    "name": "tests/test_protein.py::test_solubility",
    "suite": "protein",
    "domain": "protein",
    "eig_bits": 0.8580424079573885,
    "eig_per_dollar": 267.19290652109885,
    "eig_per_sec": 0.04453215108684981,
    "cost_usd": 0.0032113218091350537,
    "duration_sec": 19.267930854810324,
    "model_uncertainty": 0.7180884255624596
  },
  {
    "name": "tests/test_protein.py::test_folding_energy",
    "suite": "protein",
    "domain": "protein",
    "eig_bits": 0.850494742882127,
    "eig_per_dollar": 280.4944879563293,
    "eig_per_sec": 0.046749081326054875,
    "cost_usd": 0.0030321264031917166,
    "duration_sec": 18.1927584191503,
    "model_uncertainty": 0.7236031118381478
  },
  {
    "name": "tests/test_materials.py::test_band_structure",
    "suite": "materials",
    "domain": "materials",
    "eig_bits": 0.8492340548035147,
    "eig_per_dollar": 778.159498611876,
    "eig_per_sec": 0.129693249768646,
    "cost_usd": 0.001091336745639455,
    "duration_sec": 6.54802047383673,
    "model_uncertainty": 0.2754910435017381
  },
  {
    "name": "tests/test_protein.py::test_solubility",
    "suite": "protein",
    "domain": "protein",
    "eig_bits": 0.8487614741570503,
    "eig_per_dollar": 399.1629611194046,
    "eig_per_sec": 0.06652716018656743,
    "cost_usd": 0.0021263532863289736,
    "duration_sec": 12.758119717973843,
    "model_uncertainty": 0.2751525724285726
  },
  {
    "name": "tests/chaos/test_chaos_examples.py::test_resilient_api",
    "suite": "generic",
    "domain": "generic",
    "eig_bits": 0.8406586170109527,
    "eig_per_dollar": 510.42817283306005,
    "eig_per_sec": 0.08507136213884334,
    "cost_usd": 0.0016469675103256837,
    "duration_sec": 9.881805061954102,
    "model_uncertainty": 0.26943909229194973
  },
  {
    "name": "tests/test_protein.py::test_sequence_alignment",
    "suite": "protein",
    "domain": "protein",
    "eig_bits": 0.8378418072809655,
    "eig_per_dollar": 203.3649078124079,
    "eig_per_sec": 0.03389415130206798,
    "cost_usd": 0.0041198937235219805,
    "duration_sec": 24.719362341131884,
    "model_uncertainty": 0.26749135238459254
  },
  {
    "name": "tests/test_protein.py::test_hydrophobicity",
    "suite": "protein",
    "domain": "protein",
    "eig_bits": 0.8370931290588723,
    "eig_per_dollar": 593.5695602214208,
    "eig_per_sec": 0.09892826003690347,
    "cost_usd": 0.0014102696384002732,
    "duration_sec": 8.46161783040164,
    "model_uncertainty": 0.26697688470507513
  },
  {
    "name": "tests/test_robotics.py::test_sensor_fusion",
    "suite": "robotics",
    "domain": "robotics",
    "eig_bits": 0.8362121158904934,
    "eig_per_dollar": 326.97969486993816,
    "eig_per_sec": 0.05449661581165635,
    "cost_usd": 0.0025573823971641765,
    "duration_sec": 15.34429438298506,
    "model_uncertainty": 0.7336268094161372
  },
  {
    "name": "tests/test_phase2_scientific.py::test_numerical_precision",
    "suite": "generic",
    "domain": "generic",
    "eig_bits": 0.8155783540755442,
    "eig_per_dollar": 815.5783540755442,
    "eig_per_sec": 0.2809819343829458,
    "cost_usd": 0.0004837667801589014,
    "duration_sec": 2.9026006809534084,
    "model_uncertainty": 0.25273120557245016
  },
  {
    "name": "tests/chaos/test_chaos_examples.py::test_resilient_api",
    "suite": "generic",
    "domain": "generic",
    "eig_bits": 0.8075891352182878,
    "eig_per_dollar": 183.67871260340527,
    "eig_per_sec": 0.030613118767234212,
    "cost_usd": 0.004396748669302878,
    "duration_sec": 26.380492015817264,
    "model_uncertainty": 0.2476855362679326
  },
  {
    "name": "tests/test_robotics.py::test_inverse_kinematics",
    "suite": "robotics",
    "domain": "robotics",
    "eig_bits": 0.7992234689348974,
    "eig_per_dollar": 349.5099851951086,
    "eig_per_sec": 0.05825166419918477,
    "cost_usd": 0.0022866970981923252,
    "duration_sec": 13.720182589153952,
    "model_uncertainty": 0.24253069479935419
  },
  {
    "name": "tests/test_robotics.py::test_path_planning",
    "suite": "robotics",
    "domain": "robotics",
    "eig_bits": 0.7910429380519074,
    "eig_per_dollar": 354.3959321895382,
    "eig_per_sec": 0.059065988698256355,
    "cost_usd": 0.0022320880862392108,
    "duration_sec": 13.392528517435267,
    "model_uncertainty": 0.23760987312882442
  },
  {
    "name": "tests/test_robotics.py::test_trajectory_optimization",
    "suite": "robotics",
    "domain": "robotics",
    "eig_bits": 0.7804061813588418,
    "eig_per_dollar": 364.8224330726298,
    "eig_per_sec": 0.06080373884543829,
    "cost_usd": 0.0021391397858570734,
    "duration_sec": 12.83483871514244,
    "model_uncertainty": 0.23137825282553143
  },
  {
    "name": "tests/test_materials.py::test_elastic_constants",
    "suite": "materials",
    "domain": "materials",
    "eig_bits": 0.7688421378508785,
    "eig_per_dollar": 702.713689797138,
    "eig_per_sec": 0.117118948299523,
    "cost_usd": 0.0010941043970167006,
    "duration_sec": 6.5646263821002035,
    "model_uncertainty": 0.2248035436266378
  },
  {
    "name": "tests/test_phase2_scientific.py::test_numerical_precision",
    "suite": "generic",
    "domain": "generic",
    "eig_bits": 0.7662060153521897,
    "eig_per_dollar": 386.030553676744,
    "eig_per_sec": 0.06433842561279067,
    "cost_usd": 0.001984832568444307,
    "duration_sec": 11.908995410665842,
    "model_uncertainty": 0.22333248970603742
  },
  {
    "name": "tests/test_robotics.py::test_sensor_fusion",
    "suite": "robotics",
    "domain": "robotics",
    "eig_bits": 0.7643397754987453,
    "eig_per_dollar": 370.3666864383235,
    "eig_per_sec": 0.06172778107305391,
    "cost_usd": 0.0020637379210563245,
    "duration_sec": 12.382427526337947,
    "model_uncertainty": 0.22229707878353477
  },
  {
    "name": "tests/test_protein.py::test_solubility",
    "suite": "protein",
    "domain": "protein",
    "eig_bits": 0.7613941528972464,
    "eig_per_dollar": 199.73215953819667,
    "eig_per_sec": 0.03328869325636611,
    "cost_usd": 0.0038120759053408113,
    "duration_sec": 22.87245543204487,
    "model_uncertainty": 0.22067282106872899
  },
  {
    "name": "tests/test_protein.py::test_stability_score",
    "suite": "protein",
    "domain": "protein",
    "eig_bits": 0.7592106657581139,
    "eig_per_dollar": 174.80350781035648,
    "eig_per_sec": 0.029133917968392747,
    "cost_usd": 0.004343223286924986,
    "duration_sec": 26.059339721549915,
    "model_uncertainty": 0.21947661532275214
  },
  {
    "name": "tests/test_materials.py::test_lattice_stability",
    "suite": "materials",
    "domain": "materials",
    "eig_bits": 0.7551966783870088,
    "eig_per_dollar": 281.33602024339626,
    "eig_per_sec": 0.04688933670723271,
    "cost_usd": 0.0026843227459237345,
    "duration_sec": 16.105936475542407,
    "model_uncertainty": 0.21729460801380268
  },
  {
    "name": "tests/test_materials.py::test_dft_convergence",
    "suite": "materials",
    "domain": "materials",
    "eig_bits": 0.7544141887017279,
    "eig_per_dollar": 256.4728739552872,
    "eig_per_sec": 0.04274547899254786,
    "cost_usd": 0.0029414969975859926,
    "duration_sec": 17.648981985515956,
    "model_uncertainty": 0.21687178030515397
  },
  {
    "name": "tests/test_robotics.py::test_inverse_kinematics",
    "suite": "robotics",
    "domain": "robotics",
    "eig_bits": 0.7432252652580517,
    "eig_per_dollar": 743.2252652580516,
    "eig_per_sec": 0.28743530288109237,
    "cost_usd": 0.00043095220490105247,
    "duration_sec": 2.585713229406315,
    "model_uncertainty": 0.21091351477591636
  },
  {
    "name": "tests/test_protein.py::test_sequence_alignment",
    "suite": "protein",
    "domain": "protein",
    "eig_bits": 0.7330157736952885,
    "eig_per_dollar": 328.7311299800452,
    "eig_per_sec": 0.054788521663340854,
    "cost_usd": 0.0022298337663968254,
    "duration_sec": 13.379002598380954,
    "model_uncertainty": 0.7943855956144998
  },
  {
    "name": "tests/test_protein.py::test_folding_energy",
    "suite": "protein",
    "domain": "protein",
    "eig_bits": 0.723649801994005,
    "eig_per_dollar": 723.649801994005,
    "eig_per_sec": 0.12387916544286273,
    "cost_usd": 0.0009735963259129541,
    "duration_sec": 5.841577955477725,
    "model_uncertainty": 0.20086252878299993
  },
  {
    "name": "tests/test_robotics.py::test_trajectory_optimization",
    "suite": "robotics",
    "domain": "robotics",
    "eig_bits": 0.7163166918536181,
    "eig_per_dollar": 152.41718949910833,
    "eig_per_sec": 0.025402864916518053,
    "cost_usd": 0.004699710670480567,
    "duration_sec": 28.198264022883407,
    "model_uncertainty": 0.19721188334168194
  },
  {
    "name": "tests/test_materials.py::test_lattice_stability",
    "suite": "materials",
    "domain": "materials",
    "eig_bits": 0.7135658511428445,
    "eig_per_dollar": 163.46645566192714,
    "eig_per_sec": 0.027244409276987857,
    "cost_usd": 0.004365212717516825,
    "duration_sec": 26.19127630510095,
    "model_uncertainty": 0.19585775878797113
  },
  {
    "name": "tests/test_robotics.py::test_control_loop",
    "suite": "robotics",
    "domain": "robotics",
    "eig_bits": 0.7001536398927067,
    "eig_per_dollar": 218.33204289221578,
    "eig_per_sec": 0.036388673815369296,
    "cost_usd": 0.0032068295180948422,
    "duration_sec": 19.24097710856905,
    "model_uncertainty": 0.18937093099525942
  },
  {
    "name": "tests/test_phase2_scientific.py::test_numerical_precision",
    "suite": "generic",
    "domain": "generic",
    "eig_bits": 0.6987827826228561,
    "eig_per_dollar": 157.00065193837355,
    "eig_per_sec": 0.026166775323062254,
    "cost_usd": 0.004450827267246921,
    "duration_sec": 26.704963603481527,
    "model_uncertainty": 0.188718420192371
  },
  {
    "name": "tests/test_materials.py::test_dft_convergence",
    "suite": "materials",
    "domain": "materials",
    "eig_bits": 0.6959191560612876,
    "eig_per_dollar": 673.5983555458464,
    "eig_per_sec": 0.1122663925909744,
    "cost_usd": 0.0010331366612339095,
    "duration_sec": 6.198819967403457,
    "model_uncertainty": 0.18736149072930885
  },
  {
    "name": "tests/test_health.py::test_health_endpoint",
    "suite": "generic",
    "domain": "generic",
    "eig_bits": 0.6819980992868659,
    "eig_per_dollar": 170.04764441831384,
    "eig_per_sec": 0.02834127406971897,
    "cost_usd": 0.00401062950104245,
    "duration_sec": 24.0637770062547,
    "model_uncertainty": 0.18087987224914276
  },
  {
    "name": "tests/test_protein.py::test_solubility",
    "suite": "protein",
    "domain": "protein",
    "eig_bits": 0.6569678227859459,
    "eig_per_dollar": 437.39974435323586,
    "eig_per_sec": 0.07289995739220598,
    "cost_usd": 0.001501984926299799,
    "duration_sec": 9.011909557798795,
    "model_uncertainty": 0.16967807596905282
  },
  {
    "name": "tests/test_materials.py::test_dos_integration",
    "suite": "materials",
    "domain": "materials",
    "eig_bits": 0.6533235224093827,
    "eig_per_dollar": 439.78473706798104,
    "eig_per_sec": 0.07329745617799684,
    "cost_usd": 0.0014855529702214139,
    "duration_sec": 8.913317821328484,
    "model_uncertainty": 0.16809291310658017
  },
  {
    "name": "tests/test_protein.py::test_solubility",
    "suite": "protein",
    "domain": "protein",
    "eig_bits": 0.6463914521305426,
    "eig_per_dollar": 646.3914521305426,
    "eig_per_sec": 0.3020351199172803,
    "cost_usd": 0.00035668669497086557,
    "duration_sec": 2.1401201698251935,
    "model_uncertainty": 0.16510833865069302
  },
  {
    "name": "tests/test_materials.py::test_defect_formation",
    "suite": "materials",
    "domain": "materials",
    "eig_bits": 0.6372472962896438,
    "eig_per_dollar": 168.6840893316058,
    "eig_per_sec": 0.028114014888600967,
    "cost_usd": 0.003777755796736218,
    "duration_sec": 22.666534780417308,
    "model_uncertainty": 0.16123138471115409
  },
  {
    "name": "tests/test_robotics.py::test_inverse_kinematics",
    "suite": "robotics",
    "domain": "robotics",
    "eig_bits": 0.6286879439622886,
    "eig_per_dollar": 154.90982992007542,
    "eig_per_sec": 0.025818304986679235,
    "cost_usd": 0.004058412202031694,
    "duration_sec": 24.350473212190167,
    "model_uncertainty": 0.15766244767624757
  },
  {
    "name": "tests/test_materials.py::test_band_structure",
    "suite": "materials",
    "domain": "materials",
    "eig_bits": 0.6186493329831142,
    "eig_per_dollar": 507.8529228353529,
    "eig_per_sec": 0.08464215380589214,
    "cost_usd": 0.0012181663335305481,
    "duration_sec": 7.308998001183289,
    "model_uncertainty": 0.15354837363142726
  },
  {
    "name": "tests/test_materials.py::test_surface_energy",
    "suite": "materials",
    "domain": "materials",
    "eig_bits": 0.6171554759194863,
    "eig_per_dollar": 185.1054327861802,
    "eig_per_sec": 0.030850905464363365,
    "cost_usd": 0.00333407543274204,
    "duration_sec": 20.00445259645224,
    "model_uncertainty": 0.15294261674268814
  },
  {
    "name": "tests/test_reasoning_smoke.py::test_reasoning_endpoint",
    "suite": "generic",
    "domain": "generic",
    "eig_bits": 0.6069739509829579,
    "eig_per_dollar": 220.38437880001567,
    "eig_per_sec": 0.03673072980000261,
    "cost_usd": 0.0027541605003399395,
    "duration_sec": 16.524963002039637,
    "model_uncertainty": 0.14885756096057087
  },
  {
    "name": "tests/test_robotics.py::test_path_planning",
    "suite": "robotics",
    "domain": "robotics",
    "eig_bits": 0.5975416570613619,
    "eig_per_dollar": 597.5416570613619,
    "eig_per_sec": 0.12228293713907859,
    "cost_usd": 0.0008144249599077307,
    "duration_sec": 4.8865497594463845,
    "model_uncertainty": 0.14513935260615216
  },
  {
    "name": "tests/test_phase2_scientific.py::test_numerical_precision",
    "suite": "generic",
    "domain": "generic",
    "eig_bits": 0.5963957974413737,
    "eig_per_dollar": 596.3957974413737,
    "eig_per_sec": 0.3505698285612075,
    "cost_usd": 0.0002835363784199921,
    "duration_sec": 1.7012182705199526,
    "model_uncertainty": 0.14469190048837194
  },
  {
    "name": "tests/test_robotics.py::test_trajectory_optimization",
    "suite": "robotics",
    "domain": "robotics",
    "eig_bits": 0.5742073651131021,
    "eig_per_dollar": 131.62379782700694,
    "eig_per_sec": 0.021937299637834484,
    "cost_usd": 0.004362488961667726,
    "duration_sec": 26.17493377000636,
    "model_uncertainty": 0.1362028477999755
  },
  {
    "name": "tests/chaos/test_chaos_examples.py::test_resilient_api",
    "suite": "generic",
    "domain": "generic",
    "eig_bits": 0.5732747465117773,
    "eig_per_dollar": 200.43775963517388,
    "eig_per_sec": 0.033406293272528975,
    "cost_usd": 0.0028601135213006845,
    "duration_sec": 17.160681127804107,
    "model_uncertainty": 0.13585317018032983
  },
  {
    "name": "tests/test_protein.py::test_secondary_structure",
    "suite": "protein",
    "domain": "protein",
    "eig_bits": 0.5105677527289417,
    "eig_per_dollar": 128.95446800531587,
    "eig_per_sec": 0.02149241133421931,
    "cost_usd": 0.003959287030736265,
    "duration_sec": 23.75572218441759,
    "model_uncertainty": 0.11356211607146702
  },
  {
    "name": "tests/test_reasoning_smoke.py::test_reasoning_endpoint",
    "suite": "generic",
    "domain": "generic",
    "eig_bits": 0.4943021888714879,
    "eig_per_dollar": 494.3021888714879,
    "eig_per_sec": 0.2327835068190838,
    "cost_usd": 0.0003539069381288919,
    "duration_sec": 2.1234416287733517,
    "model_uncertainty": 0.10814728355563352
  },
  {
    "name": "tests/test_materials.py::test_phonon_dispersion",
    "suite": "materials",
    "domain": "materials",
    "eig_bits": 0.4871486124230743,
    "eig_per_dollar": 107.02421894632191,
    "eig_per_sec": 0.017837369824386985,
    "cost_usd": 0.004551760500746136,
    "duration_sec": 27.310563004476816,
    "model_uncertainty": 0.10581057933461044
  },
  {
    "name": "tests/test_protein.py::test_sequence_alignment",
    "suite": "protein",
    "domain": "protein",
    "eig_bits": 0.47698782910868764,
    "eig_per_dollar": 102.81588568133523,
    "eig_per_sec": 0.017135980946889205,
    "cost_usd": 0.004639242525100166,
    "duration_sec": 27.835455150600996,
    "model_uncertainty": 0.10253742823211254
  },
  {
    "name": "tests/test_robotics.py::test_sensor_fusion",
    "suite": "robotics",
    "domain": "robotics",
    "eig_bits": 0.46630738678163575,
    "eig_per_dollar": 244.79441945585478,
    "eig_per_sec": 0.04079906990930913,
    "cost_usd": 0.0019048938608084885,
    "duration_sec": 11.429363164850932,
    "model_uncertainty": 0.09915378031650293
  },
  {
    "name": "tests/test_robotics.py::test_sensor_fusion",
    "suite": "robotics",
    "domain": "robotics",
    "eig_bits": 0.45358460750636764,
    "eig_per_dollar": 94.14039175189815,
    "eig_per_sec": 0.015690065291983028,
    "cost_usd": 0.004818172083899598,
    "duration_sec": 28.909032503397587,
    "model_uncertainty": 0.09519754078911116
  },
  {
    "name": "tests/test_robotics.py::test_localization",
    "suite": "robotics",
    "domain": "robotics",
    "eig_bits": 0.435864103703851,
    "eig_per_dollar": 163.46094140890236,
    "eig_per_sec": 0.02724349023481706,
    "cost_usd": 0.0026664724915141905,
    "duration_sec": 15.998834949085143,
    "model_uncertainty": 0.08981861981175998
  },
  {
    "name": "tests/test_robotics.py::test_localization",
    "suite": "robotics",
    "domain": "robotics",
    "eig_bits": 0.4297512081716394,
    "eig_per_dollar": 105.85585985997798,
    "eig_per_sec": 0.01764264330999633,
    "cost_usd": 0.004059777217247091,
    "duration_sec": 24.358663303482544,
    "model_uncertainty": 0.08799780608266328
  },
  {
    "name": "tests/test_phase2_scientific.py::test_numerical_precision",
    "suite": "generic",
    "domain": "generic",
    "eig_bits": 0.42539002278903143,
    "eig_per_dollar": 134.47597652074654,
    "eig_per_sec": 0.022412662753457758,
    "cost_usd": 0.003163316108906661,
    "duration_sec": 18.979896653439965,
    "model_uncertainty": 0.08670946962255102
  },
  {
    "name": "tests/test_robotics.py::test_path_planning",
    "suite": "robotics",
    "domain": "robotics",
    "eig_bits": 0.3925899096976979,
    "eig_per_dollar": 111.97320763304928,
    "eig_per_sec": 0.01866220127217488,
    "cost_usd": 0.0035061057729476315,
    "duration_sec": 21.03663463768579,
    "model_uncertainty": 0.0772990305936748
  },
  {
    "name": "tests/test_protein.py::test_solubility",
    "suite": "protein",
    "domain": "protein",
    "eig_bits": 0.3835441200085442,
    "eig_per_dollar": 383.5441200085442,
    "eig_per_sec": 0.081280489246374,
    "cost_usd": 0.0007864620475851251,
    "duration_sec": 4.718772285510751,
    "model_uncertainty": 0.07478839562097755
  },
  {
    "name": "tests/test_protein.py::test_folding_energy",
    "suite": "protein",
    "domain": "protein",
    "eig_bits": 0.37481091580350195,
    "eig_per_dollar": 282.4475155516258,
    "eig_per_sec": 0.047074585925270966,
    "cost_usd": 0.0013270108433118574,
    "duration_sec": 7.962065059871145,
    "model_uncertainty": 0.07239839561947224
  },
  {
    "name": "tests/test_health.py::test_health_endpoint",
    "suite": "generic",
    "domain": "generic",
    "eig_bits": 0.37253259714575077,
    "eig_per_dollar": 90.81955209953351,
    "eig_per_sec": 0.015136592016588919,
    "cost_usd": 0.004101898638934867,
    "duration_sec": 24.611391833609204,
    "model_uncertainty": 0.071780317212141
  },
  {
    "name": "tests/test_protein.py::test_mutation_effects",
    "suite": "protein",
    "domain": "protein",
    "eig_bits": 0.36308368331035573,
    "eig_per_dollar": 133.80000096314524,
    "eig_per_sec": 0.022300000160524205,
    "cost_usd": 0.002713629900573513,
    "duration_sec": 16.281779403441078,
    "model_uncertainty": 0.06924070025466184
  },
  {
    "name": "tests/test_protein.py::test_folding_energy",
    "suite": "protein",
    "domain": "protein",
    "eig_bits": 0.33637913324349766,
    "eig_per_dollar": 186.38507694671483,
    "eig_per_sec": 0.03106417949111914,
    "cost_usd": 0.001804753571229655,
    "duration_sec": 10.82852142737793,
    "model_uncertainty": 0.0622670105462464
  },
  {
    "name": "tests/test_robotics.py::test_path_planning",
    "suite": "robotics",
    "domain": "robotics",
    "eig_bits": 0.33137438880283204,
    "eig_per_dollar": 96.6541480469856,
    "eig_per_sec": 0.0161090246744976,
    "cost_usd": 0.0034284549137171437,
    "duration_sec": 20.570729482302863,
    "model_uncertainty": 0.06099304500133456
  },
  {
    "name": "tests/test_robotics.py::test_control_loop",
    "suite": "robotics",
    "domain": "robotics",
    "eig_bits": 0.32752848654832756,
    "eig_per_dollar": 327.5284865483276,
    "eig_per_sec": 0.28571617685065176,
    "cost_usd": 0.00019105701921778812,
    "duration_sec": 1.1463421153067288,
    "model_uncertainty": 0.06002105313063302
  },
  {
    "name": "tests/test_reasoning_smoke.py::test_reasoning_endpoint",
    "suite": "generic",
    "domain": "generic",
    "eig_bits": 0.3243858080555278,
    "eig_per_dollar": 68.53886839655235,
    "eig_per_sec": 0.011423144732758723,
    "cost_usd": 0.004732873705744537,
    "duration_sec": 28.39724223446722,
    "model_uncertainty": 0.059231282104072976
  },
  {
    "name": "tests/test_materials.py::test_dos_integration",
    "suite": "materials",
    "domain": "materials",
    "eig_bits": 0.3116217962793805,
    "eig_per_dollar": 311.62179627938053,
    "eig_per_sec": 0.10920659200945644,
    "cost_usd": 0.00047558453286470183,
    "duration_sec": 2.853507197188211,
    "model_uncertainty": 0.05606489928908905
  },
  {
    "name": "tests/test_materials.py::test_elastic_constants",
    "suite": "materials",
    "domain": "materials",
    "eig_bits": 0.2927444846071235,
    "eig_per_dollar": 235.41131905421972,
    "eig_per_sec": 0.03923521984236995,
    "cost_usd": 0.0012435446425568808,
    "duration_sec": 7.461267855341285,
    "model_uncertainty": 0.05150225706833922
  }
]